{
    "platforms": [
        {"x": 0, "y": 576, "width": 960, "height": 24},
        {"x": 800, "y": 100, "width": 160, "height": 500},
        {"x": 430, "y": 250, "width": 100, "height": 350},
        {"x": 430, "y": 350, "width": 200, "height": 24},
        {"x": 700, "y": 432, "width": 200, "height": 24}
    ],
    "pickups": [
        {"x": 164, "y": 560},
        {"x": 196, "y": 560},
        {"x": 576, "y": 560},
        {"x": 288, "y": 384},
        {"x": 256, "y": 384},

        {"x": 716, "y": 416},
        {"x": 748, "y": 416},
        {"x": 780, "y": 416}
    ],
    "enemies": {
        "walkers": [
        ],
        "ghosts": [
            {"x": 32, "y": 32, "speedX": 100, "speedY": 150},
            {"x": 300, "y": 500, "speedX": -120, "speedY": 100}
        ]
    },
    "chara": {"x": 850, "y": 100}
}
