{
    "platforms": [
        {"x": 0, "y": 576, "width": 960, "height": 24},
        {"x": 0, "y": 440, "width": 320, "height": 24},
        {"x": 640, "y": 440, "width": 320, "height": 24},
        {"x": 400, "y": 320, "width": 160, "height": 24}
    ],
    "pickups": [
        {"x": 164, "y": 560},
        {"x": 196, "y": 560},
        {"x": 576, "y": 560},
        {"x": 608, "y": 560},
        {"x": 640, "y": 560},
        {"x": 672, "y": 560},
        {"x": 288, "y": 424},
        {"x": 256, "y": 424},
        {"x": 704, "y": 424},
        {"x": 736, "y": 424},
        {"x": 768, "y": 424}
    ],
    "enemies": {
        "walkers": [
            {"x": 32, "y": 440, "dir": 1}
        ],
        "ghosts": [
            {"x": 900, "y": 200, "speedX": 100, "speedY": 150}
        ]
    },
    "chara": {"x": 16, "y": 576}
}
