{
    "platforms": [
        {"x": 0, "y": 576, "width": 960, "height": 24},
        {"x": 0, "y": 476, "width": 832, "height": 24},
        {"x": 256, "y": 376, "width": 704, "height": 24},
        {"x": 0, "y": 376, "width": 100, "height": 100},
        {"x": 0, "y": 276, "width": 832, "height": 24}
    ],
    "pickups": [
        {"x": 196, "y": 560},
        {"x": 228, "y": 560},
        {"x": 496, "y": 560},
        {"x": 528, "y": 560},
        {"x": 560, "y": 560},
        {"x": 320, "y": 260},
        {"x": 356, "y": 260},
        {"x": 388, "y": 260}
    ],
    "enemies": {
        "walkers": [
            {"x": 800, "y": 476, "dir": -1}
        ],
        "ghosts": []
    },
    "chara": {"x": 16, "y": 576}
}
