{
    "platforms": [
        {"x": 0, "y": 576, "width": 960, "height": 24}
    ],
    "tooltips": [
        {"x": 100, "y": 300, "text": "Use arrow keys to move\nand jump."}
    ],
    "pickups": [
        {"x": 164, "y": 560},
        {"x": 196, "y": 560},
        {"x": 228, "y": 560},
        {"x": 600, "y": 528},
        {"x": 632, "y": 496},
        {"x": 664, "y": 480},
        {"x": 696, "y": 496},
        {"x": 728, "y": 528}
    ],
    "enemies": {
        "walkers": [],
        "ghosts": []
    },
    "chara": {"x": 64, "y": 576}
}
